filename,food
10.jpg.npy,1
100003.jpg.npy,1
100007.jpg.npy,0
100008.jpg.npy,1
100009.jpg.npy,1
100010.jpg.npy,0
10002.jpg.npy,1
100021.jpg.npy,1
100023.jpg.npy,1
100024.jpg.npy,1
100025.jpg.npy,1
100029.jpg.npy,1
100030.jpg.npy,1
100031.jpg.npy,1
100032.jpg.npy,1
100034.jpg.npy,1
100035.jpg.npy,1
100036.jpg.npy,1
100039.jpg.npy,1
10004.jpg.npy,1
100043.jpg.npy,1
100045.jpg.npy,1
100046.jpg.npy,1
100048.jpg.npy,1
100049.jpg.npy,1
100051.jpg.npy,1
100053.jpg.npy,1
100054.jpg.npy,0
100055.jpg.npy,0
100056.jpg.npy,0
100060.jpg.npy,1
100061.jpg.npy,1
100062.jpg.npy,0
100063.jpg.npy,1
100065.jpg.npy,1
100069.jpg.npy,1
100070.jpg.npy,1
100072.jpg.npy,1
100073.jpg.npy,1
100076.jpg.npy,1
100077.jpg.npy,1
100078.jpg.npy,1
10008.jpg.npy,1
100082.jpg.npy,1
100083.jpg.npy,1
100086.jpg.npy,1
100087.jpg.npy,1
100088.jpg.npy,1
10009.jpg.npy,1
100091.jpg.npy,1
100093.jpg.npy,1
100097.jpg.npy,1
1001.jpg.npy,1
100100.jpg.npy,1
100101.jpg.npy,1
100102.jpg.npy,1
100103.jpg.npy,1
100104.jpg.npy,1
100105.jpg.npy,1
100106.jpg.npy,0
100109.jpg.npy,1
10011.jpg.npy,1
100110.jpg.npy,0
100113.jpg.npy,1
100117.jpg.npy,1
100119.jpg.npy,1
100122.jpg.npy,1
100128.jpg.npy,1
100129.jpg.npy,1
100130.jpg.npy,1
100134.jpg.npy,1
100135.jpg.npy,1
100138.jpg.npy,1
10014.jpg.npy,1
100140.jpg.npy,1
100142.jpg.npy,1
100143.jpg.npy,1
100146.jpg.npy,1
100147.jpg.npy,0
100148.jpg.npy,1
100149.jpg.npy,1
100150.jpg.npy,1
100153.jpg.npy,1
100158.jpg.npy,1
10016.jpg.npy,1
100161.jpg.npy,0
100163.jpg.npy,1
100164.jpg.npy,1
100166.jpg.npy,1
100168.jpg.npy,1
100170.jpg.npy,1
100173.jpg.npy,1
100174.jpg.npy,1
100175.jpg.npy,0
100177.jpg.npy,1
100179.jpg.npy,0
100180.jpg.npy,1
100181.jpg.npy,1
100182.jpg.npy,1
100184.jpg.npy,1
100185.jpg.npy,0
100187.jpg.npy,1
100191.jpg.npy,1
100193.jpg.npy,1
100197.jpg.npy,1
100199.jpg.npy,1
1002.jpg.npy,0
10020.jpg.npy,1
100202.jpg.npy,1
100204.jpg.npy,1
100206.jpg.npy,1
100208.jpg.npy,0
100209.jpg.npy,1
100210.jpg.npy,0
100212.jpg.npy,0
100213.jpg.npy,1
100214.jpg.npy,1
100215.jpg.npy,1
100216.jpg.npy,1
100219.jpg.npy,1
10022.jpg.npy,1
100221.jpg.npy,1
100222.jpg.npy,1
100223.jpg.npy,1
100224.jpg.npy,1
100228.jpg.npy,1
10023.jpg.npy,1
100230.jpg.npy,1
100231.jpg.npy,1
100232.jpg.npy,1
100233.jpg.npy,1
100234.jpg.npy,0
100235.jpg.npy,1
100236.jpg.npy,1
100237.jpg.npy,1
100239.jpg.npy,0
10024.jpg.npy,1
100243.jpg.npy,1
100246.jpg.npy,1
100247.jpg.npy,1
100248.jpg.npy,0
100250.jpg.npy,1
100251.jpg.npy,1
100254.jpg.npy,0
100256.jpg.npy,1
100259.jpg.npy,1
100260.jpg.npy,1
100262.jpg.npy,0
100265.jpg.npy,1
100269.jpg.npy,1
100271.jpg.npy,0
100274.jpg.npy,0
100275.jpg.npy,0
100276.jpg.npy,1
100277.jpg.npy,1
100280.jpg.npy,1
100281.jpg.npy,1
100282.jpg.npy,1
100283.jpg.npy,1
100285.jpg.npy,1
100286.jpg.npy,1
100289.jpg.npy,1
100290.jpg.npy,1
100292.jpg.npy,1
100294.jpg.npy,0
100296.jpg.npy,0
100299.jpg.npy,1
1003.jpg.npy,1
100300.jpg.npy,1
100305.jpg.npy,1
100306.jpg.npy,1
100308.jpg.npy,1
100309.jpg.npy,1
10031.jpg.npy,1
100310.jpg.npy,1
10032.jpg.npy,1
100320.jpg.npy,1
100325.jpg.npy,1
100328.jpg.npy,1
100330.jpg.npy,1
100332.jpg.npy,0
100333.jpg.npy,1
100334.jpg.npy,1
100338.jpg.npy,1
100340.jpg.npy,1
100342.jpg.npy,1
100343.jpg.npy,1
100345.jpg.npy,1
100347.jpg.npy,0
100349.jpg.npy,1
10035.jpg.npy,0
100352.jpg.npy,1
100354.jpg.npy,0
100358.jpg.npy,1
10036.jpg.npy,1
100360.jpg.npy,0
100362.jpg.npy,1
100365.jpg.npy,1
100368.jpg.npy,1
10037.jpg.npy,1
100370.jpg.npy,1
100372.jpg.npy,1
100376.jpg.npy,1
100377.jpg.npy,1
100379.jpg.npy,1
100380.jpg.npy,1
100381.jpg.npy,1
100382.jpg.npy,1
100387.jpg.npy,1
100388.jpg.npy,1
100390.jpg.npy,1
100391.jpg.npy,1
100392.jpg.npy,1
100394.jpg.npy,1
100396.jpg.npy,1
100397.jpg.npy,1
100399.jpg.npy,1
100400.jpg.npy,1
100404.jpg.npy,1
100405.jpg.npy,1
100407.jpg.npy,1
100408.jpg.npy,0
100409.jpg.npy,1
10041.jpg.npy,1
100410.jpg.npy,1
100411.jpg.npy,1
100419.jpg.npy,1
100422.jpg.npy,0
100427.jpg.npy,1
100428.jpg.npy,0
100430.jpg.npy,1
100432.jpg.npy,1
100433.jpg.npy,1
100436.jpg.npy,1
100437.jpg.npy,0
100438.jpg.npy,1
100441.jpg.npy,1
100444.jpg.npy,1
100445.jpg.npy,1
100446.jpg.npy,1
100448.jpg.npy,1
100449.jpg.npy,0
10045.jpg.npy,0
100452.jpg.npy,0
100453.jpg.npy,1
100454.jpg.npy,1
100456.jpg.npy,1
100459.jpg.npy,1
10046.jpg.npy,1
100460.jpg.npy,1
100461.jpg.npy,1
100462.jpg.npy,0
100464.jpg.npy,1
100465.jpg.npy,0
100467.jpg.npy,1
100469.jpg.npy,1
100472.jpg.npy,0
100475.jpg.npy,1
100479.jpg.npy,0
100480.jpg.npy,1
100481.jpg.npy,1
100482.jpg.npy,1
100484.jpg.npy,1
100487.jpg.npy,1
100488.jpg.npy,1
100490.jpg.npy,1
100491.jpg.npy,1
100493.jpg.npy,1
100494.jpg.npy,1
100495.jpg.npy,0
10050.jpg.npy,1
100505.jpg.npy,1
100507.jpg.npy,1
100508.jpg.npy,1
100510.jpg.npy,0
100511.jpg.npy,1
100512.jpg.npy,1
100513.jpg.npy,1
100515.jpg.npy,0
100518.jpg.npy,1
10052.jpg.npy,1
100520.jpg.npy,1
100526.jpg.npy,1
100529.jpg.npy,1
10053.jpg.npy,0
100532.jpg.npy,1
100533.jpg.npy,1
100534.jpg.npy,1
100535.jpg.npy,1
100537.jpg.npy,1
100540.jpg.npy,1
100541.jpg.npy,0
100542.jpg.npy,1
100543.jpg.npy,1
100548.jpg.npy,1
100549.jpg.npy,1
100550.jpg.npy,1
100552.jpg.npy,1
100555.jpg.npy,1
100556.jpg.npy,1
100557.jpg.npy,1
100559.jpg.npy,0
10056.jpg.npy,1
100561.jpg.npy,1
100563.jpg.npy,1
100564.jpg.npy,1
100565.jpg.npy,0
100567.jpg.npy,1
100568.jpg.npy,1
100569.jpg.npy,1
10057.jpg.npy,1
100570.jpg.npy,1
100574.jpg.npy,0
100575.jpg.npy,1
100579.jpg.npy,1
10058.jpg.npy,0
100582.jpg.npy,1
100585.jpg.npy,1
100586.jpg.npy,1
100587.jpg.npy,1
100588.jpg.npy,1
100589.jpg.npy,1
100593.jpg.npy,0
100594.jpg.npy,1
100601.jpg.npy,1
100603.jpg.npy,1
100604.jpg.npy,1
100607.jpg.npy,0
100608.jpg.npy,1
10061.jpg.npy,1
100610.jpg.npy,1
100612.jpg.npy,1
100614.jpg.npy,1
100619.jpg.npy,0
10062.jpg.npy,1
100621.jpg.npy,0
100622.jpg.npy,1
100625.jpg.npy,1
100626.jpg.npy,1
100628.jpg.npy,1
10063.jpg.npy,1
100630.jpg.npy,1
100631.jpg.npy,1
100638.jpg.npy,1
100639.jpg.npy,0
100640.jpg.npy,1
100641.jpg.npy,1
100646.jpg.npy,1
100648.jpg.npy,1
10065.jpg.npy,1
100651.jpg.npy,0
100654.jpg.npy,1
100655.jpg.npy,0
100656.jpg.npy,1
100659.jpg.npy,1
100663.jpg.npy,1
100664.jpg.npy,1
100665.jpg.npy,0
100668.jpg.npy,1
100669.jpg.npy,1
100670.jpg.npy,1
100671.jpg.npy,1
100674.jpg.npy,1
100675.jpg.npy,1
100677.jpg.npy,1
100678.jpg.npy,1
100679.jpg.npy,1
100682.jpg.npy,1
100683.jpg.npy,1
100684.jpg.npy,1
100685.jpg.npy,0
100688.jpg.npy,1
100689.jpg.npy,1
10069.jpg.npy,1
100692.jpg.npy,1
100693.jpg.npy,1
100695.jpg.npy,1
10070.jpg.npy,1
100701.jpg.npy,1
100703.jpg.npy,1
100704.jpg.npy,0
100708.jpg.npy,0
100709.jpg.npy,1
100713.jpg.npy,1
100714.jpg.npy,1
100718.jpg.npy,1
100721.jpg.npy,1
100722.jpg.npy,1
100724.jpg.npy,1
100725.jpg.npy,1
100726.jpg.npy,0
100727.jpg.npy,1
100728.jpg.npy,1
100729.jpg.npy,1
100730.jpg.npy,1
100736.jpg.npy,1
100739.jpg.npy,1
100745.jpg.npy,1
100748.jpg.npy,1
100750.jpg.npy,0
100753.jpg.npy,1
100755.jpg.npy,1
100758.jpg.npy,1
100759.jpg.npy,1
10076.jpg.npy,1
100760.jpg.npy,1
100765.jpg.npy,1
100766.jpg.npy,1
100767.jpg.npy,1
100769.jpg.npy,1
10077.jpg.npy,1
100771.jpg.npy,1
100773.jpg.npy,1
100775.jpg.npy,1
100776.jpg.npy,1
100778.jpg.npy,1
100779.jpg.npy,1
10078.jpg.npy,1
100783.jpg.npy,1
100784.jpg.npy,1
100785.jpg.npy,1
100787.jpg.npy,1
100788.jpg.npy,0
100790.jpg.npy,1
100793.jpg.npy,1
100795.jpg.npy,1
100800.jpg.npy,1
100802.jpg.npy,1
100803.jpg.npy,1
100807.jpg.npy,0
100809.jpg.npy,0
100810.jpg.npy,1
100811.jpg.npy,1
100813.jpg.npy,1
100814.jpg.npy,1
100815.jpg.npy,1
100817.jpg.npy,1
100818.jpg.npy,1
100819.jpg.npy,1
10082.jpg.npy,1
100820.jpg.npy,1
100821.jpg.npy,1
100822.jpg.npy,1
100823.jpg.npy,0
100824.jpg.npy,1
100825.jpg.npy,1
100826.jpg.npy,1
100827.jpg.npy,1
100828.jpg.npy,1
100829.jpg.npy,1
100833.jpg.npy,1
100834.jpg.npy,0
100835.jpg.npy,0
100837.jpg.npy,0
10084.jpg.npy,1
100842.jpg.npy,1
100845.jpg.npy,0
100846.jpg.npy,1
100847.jpg.npy,1
100850.jpg.npy,1
100852.jpg.npy,1
100853.jpg.npy,1
100855.jpg.npy,1
100859.jpg.npy,1
10086.jpg.npy,1
100860.jpg.npy,1
100861.jpg.npy,1
100862.jpg.npy,1
100864.jpg.npy,1
100866.jpg.npy,1
100867.jpg.npy,1
100868.jpg.npy,1
100871.jpg.npy,1
100874.jpg.npy,1
100875.jpg.npy,1
100876.jpg.npy,0
100886.jpg.npy,1
100887.jpg.npy,0
100888.jpg.npy,1
10089.jpg.npy,0
100891.jpg.npy,1
100893.jpg.npy,1
100894.jpg.npy,1
100895.jpg.npy,1
100896.jpg.npy,1
100898.jpg.npy,1
100899.jpg.npy,0
100902.jpg.npy,1
100903.jpg.npy,1
100904.jpg.npy,1
100905.jpg.npy,1
100906.jpg.npy,1
100907.jpg.npy,0
100908.jpg.npy,1
100909.jpg.npy,1
100910.jpg.npy,1
100911.jpg.npy,1
100912.jpg.npy,1
100913.jpg.npy,0
100914.jpg.npy,1
100916.jpg.npy,1
100917.jpg.npy,1
100919.jpg.npy,1
100922.jpg.npy,0
100929.jpg.npy,1
10093.jpg.npy,1
100930.jpg.npy,1
100932.jpg.npy,0
100933.jpg.npy,1
100934.jpg.npy,1
100935.jpg.npy,1
100936.jpg.npy,1
100937.jpg.npy,1
100941.jpg.npy,1
100944.jpg.npy,1
100946.jpg.npy,1
100947.jpg.npy,1
10095.jpg.npy,1
100951.jpg.npy,1
100952.jpg.npy,1
100953.jpg.npy,0
100956.jpg.npy,1
10096.jpg.npy,0
100960.jpg.npy,1
100961.jpg.npy,1
100962.jpg.npy,0
100964.jpg.npy,1
100965.jpg.npy,1
100966.jpg.npy,1
10097.jpg.npy,1
100971.jpg.npy,1
100972.jpg.npy,1
100974.jpg.npy,1
100978.jpg.npy,1
100979.jpg.npy,1
100981.jpg.npy,1
100983.jpg.npy,1
100985.jpg.npy,1
100988.jpg.npy,1
100990.jpg.npy,1
100992.jpg.npy,1
100994.jpg.npy,1
100995.jpg.npy,1
100996.jpg.npy,1
100997.jpg.npy,1
1010.jpg.npy,1
101000.jpg.npy,1
101001.jpg.npy,1
101002.jpg.npy,1
101003.jpg.npy,1
101005.jpg.npy,1
101006.jpg.npy,0
101007.jpg.npy,0
101008.jpg.npy,1
10101.jpg.npy,1
101010.jpg.npy,1
101011.jpg.npy,0
101012.jpg.npy,1
101013.jpg.npy,1
101016.jpg.npy,1
101018.jpg.npy,1
10102.jpg.npy,1
101020.jpg.npy,1
101021.jpg.npy,1
101022.jpg.npy,0
101023.jpg.npy,1
101025.jpg.npy,1
101026.jpg.npy,1
101029.jpg.npy,1
101032.jpg.npy,1
101035.jpg.npy,1
101036.jpg.npy,1
101037.jpg.npy,1
101039.jpg.npy,0
101040.jpg.npy,1
101042.jpg.npy,1
101045.jpg.npy,0
101049.jpg.npy,1
10105.jpg.npy,1
101051.jpg.npy,1
101052.jpg.npy,1
101053.jpg.npy,1
101054.jpg.npy,0
101058.jpg.npy,1
101062.jpg.npy,1
101064.jpg.npy,1
101066.jpg.npy,1
101071.jpg.npy,1
101072.jpg.npy,1
101074.jpg.npy,1
101076.jpg.npy,1
101077.jpg.npy,1
101078.jpg.npy,1
101079.jpg.npy,0
10108.jpg.npy,1
101080.jpg.npy,1
101081.jpg.npy,1
101083.jpg.npy,1
101085.jpg.npy,1
101089.jpg.npy,1
101092.jpg.npy,1
101093.jpg.npy,1
101094.jpg.npy,1
101095.jpg.npy,1
101097.jpg.npy,1
101099.jpg.npy,0
101101.jpg.npy,1
101103.jpg.npy,0
101111.jpg.npy,1
101113.jpg.npy,1
101115.jpg.npy,1
101117.jpg.npy,1
101119.jpg.npy,1
101122.jpg.npy,1
101123.jpg.npy,1
101125.jpg.npy,1
101126.jpg.npy,1
101127.jpg.npy,0
101128.jpg.npy,0
10113.jpg.npy,1
101131.jpg.npy,0
101135.jpg.npy,1
101137.jpg.npy,1
101138.jpg.npy,1
101139.jpg.npy,1
101140.jpg.npy,0
101142.jpg.npy,1
101144.jpg.npy,1
101147.jpg.npy,1
101151.jpg.npy,0
101155.jpg.npy,1
101158.jpg.npy,1
10116.jpg.npy,1
101160.jpg.npy,1
101162.jpg.npy,0
101164.jpg.npy,1
101175.jpg.npy,1
101178.jpg.npy,1
10118.jpg.npy,1
101180.jpg.npy,1
101182.jpg.npy,1
101183.jpg.npy,1
101185.jpg.npy,1
101186.jpg.npy,0
101189.jpg.npy,1
10119.jpg.npy,1
101190.jpg.npy,1
101192.jpg.npy,1
101193.jpg.npy,1
101199.jpg.npy,1
10120.jpg.npy,1
101203.jpg.npy,1
101205.jpg.npy,1
101208.jpg.npy,0
101209.jpg.npy,1
10121.jpg.npy,1
101213.jpg.npy,1
101218.jpg.npy,1
10122.jpg.npy,1
101220.jpg.npy,1
101221.jpg.npy,1
101222.jpg.npy,1
101228.jpg.npy,1
10123.jpg.npy,0
101230.jpg.npy,1
101231.jpg.npy,0
101232.jpg.npy,1
101235.jpg.npy,1
101237.jpg.npy,0
101238.jpg.npy,1
101239.jpg.npy,1
10124.jpg.npy,1
101240.jpg.npy,1
101243.jpg.npy,1
101244.jpg.npy,1
101245.jpg.npy,1
101248.jpg.npy,0
101249.jpg.npy,1
101255.jpg.npy,1
101256.jpg.npy,1
101258.jpg.npy,1
101259.jpg.npy,1
10126.jpg.npy,1
101260.jpg.npy,1
101262.jpg.npy,1
101263.jpg.npy,0
101264.jpg.npy,1
101265.jpg.npy,1
101266.jpg.npy,1
101267.jpg.npy,1
101269.jpg.npy,1
101271.jpg.npy,1
101274.jpg.npy,0
101275.jpg.npy,1
101276.jpg.npy,1
101278.jpg.npy,1
10128.jpg.npy,1
101280.jpg.npy,1
101283.jpg.npy,1
101286.jpg.npy,1
101289.jpg.npy,1
10129.jpg.npy,0
101295.jpg.npy,1
101299.jpg.npy,0
101300.jpg.npy,1
101302.jpg.npy,0
101303.jpg.npy,1
101304.jpg.npy,1
101309.jpg.npy,1
10131.jpg.npy,1
101310.jpg.npy,1
101312.jpg.npy,1
101313.jpg.npy,1
101314.jpg.npy,1
101317.jpg.npy,1
101319.jpg.npy,0
101320.jpg.npy,1
101321.jpg.npy,0
101325.jpg.npy,0
101326.jpg.npy,1
10133.jpg.npy,1
101330.jpg.npy,1
101334.jpg.npy,1
101336.jpg.npy,1
101339.jpg.npy,1
10134.jpg.npy,1
101343.jpg.npy,1
101344.jpg.npy,1
101346.jpg.npy,1
101348.jpg.npy,1
101349.jpg.npy,1
101352.jpg.npy,1
101356.jpg.npy,1
101358.jpg.npy,1
10136.jpg.npy,1
101363.jpg.npy,1
10137.jpg.npy,1
101370.jpg.npy,1
101373.jpg.npy,1
101374.jpg.npy,0
101376.jpg.npy,1
101378.jpg.npy,1
10138.jpg.npy,1
101380.jpg.npy,1
101383.jpg.npy,1
101385.jpg.npy,0
101391.jpg.npy,1
101392.jpg.npy,1
101393.jpg.npy,1
101395.jpg.npy,1
101396.jpg.npy,1
101398.jpg.npy,1
101399.jpg.npy,1
10140.jpg.npy,0
101400.jpg.npy,1
101403.jpg.npy,0
101407.jpg.npy,1
101408.jpg.npy,1
101409.jpg.npy,1
101411.jpg.npy,1
101412.jpg.npy,1
101414.jpg.npy,0
101420.jpg.npy,1
101421.jpg.npy,1
101423.jpg.npy,1
101428.jpg.npy,1
101429.jpg.npy,0
10143.jpg.npy,1
101430.jpg.npy,1
101431.jpg.npy,1
101432.jpg.npy,1
101433.jpg.npy,1
101434.jpg.npy,1
101435.jpg.npy,0
101436.jpg.npy,0
101437.jpg.npy,1
101438.jpg.npy,1
101439.jpg.npy,0
101440.jpg.npy,1
101441.jpg.npy,1
101442.jpg.npy,1
101443.jpg.npy,1
101444.jpg.npy,0
101445.jpg.npy,1
101446.jpg.npy,0
101447.jpg.npy,0
101448.jpg.npy,1
101449.jpg.npy,1
101450.jpg.npy,1
101451.jpg.npy,1
101452.jpg.npy,1
101455.jpg.npy,0
101456.jpg.npy,1
101457.jpg.npy,1
101458.jpg.npy,1
101459.jpg.npy,1
10146.jpg.npy,1
101462.jpg.npy,1
101463.jpg.npy,1
101464.jpg.npy,1
101465.jpg.npy,0
101467.jpg.npy,0
101469.jpg.npy,1
101471.jpg.npy,1
101472.jpg.npy,1
101474.jpg.npy,0
101475.jpg.npy,1
101477.jpg.npy,0
101479.jpg.npy,0
10148.jpg.npy,1
101484.jpg.npy,0
101485.jpg.npy,1
101487.jpg.npy,1
101488.jpg.npy,0
101490.jpg.npy,1
101492.jpg.npy,1
101493.jpg.npy,1
101495.jpg.npy,1
101496.jpg.npy,1
1015.jpg.npy,1
10150.jpg.npy,1
101500.jpg.npy,0
101501.jpg.npy,0
101503.jpg.npy,1
101504.jpg.npy,0
101505.jpg.npy,1
101507.jpg.npy,1
101511.jpg.npy,1
101513.jpg.npy,1
101514.jpg.npy,1
101515.jpg.npy,1
101520.jpg.npy,1
101523.jpg.npy,0
101526.jpg.npy,1
101527.jpg.npy,1
101530.jpg.npy,1
101531.jpg.npy,1
101533.jpg.npy,1
101536.jpg.npy,1
101537.jpg.npy,1
101538.jpg.npy,1
101539.jpg.npy,1
101543.jpg.npy,0
101546.jpg.npy,1
101547.jpg.npy,1
101549.jpg.npy,1
101550.jpg.npy,0
101552.jpg.npy,0
101554.jpg.npy,1
101556.jpg.npy,1
101557.jpg.npy,1
101558.jpg.npy,1
101559.jpg.npy,1
101560.jpg.npy,1
101561.jpg.npy,1
101567.jpg.npy,0
10157.jpg.npy,0
101571.jpg.npy,0
101572.jpg.npy,1
101573.jpg.npy,1
101578.jpg.npy,1
10158.jpg.npy,1
101582.jpg.npy,1
101583.jpg.npy,1
101588.jpg.npy,1
101590.jpg.npy,1
101595.jpg.npy,1
10160.jpg.npy,1
101600.jpg.npy,1
101601.jpg.npy,1
101603.jpg.npy,1
101604.jpg.npy,1
101605.jpg.npy,1
101608.jpg.npy,0
101609.jpg.npy,1
10161.jpg.npy,1
101611.jpg.npy,1
101614.jpg.npy,1
101615.jpg.npy,1
101617.jpg.npy,1
101622.jpg.npy,1
101623.jpg.npy,1
101624.jpg.npy,1
101625.jpg.npy,1
101627.jpg.npy,1
101628.jpg.npy,0
101629.jpg.npy,1
10163.jpg.npy,1
101631.jpg.npy,1
101634.jpg.npy,0
101635.jpg.npy,0
101636.jpg.npy,1
10164.jpg.npy,1
101645.jpg.npy,1
101646.jpg.npy,0
101648.jpg.npy,1
101649.jpg.npy,1
101650.jpg.npy,1
101651.jpg.npy,1
101652.jpg.npy,0
101653.jpg.npy,1
101655.jpg.npy,1
101656.jpg.npy,1
101658.jpg.npy,1
101659.jpg.npy,1
10166.jpg.npy,1
101660.jpg.npy,1
101662.jpg.npy,1
101664.jpg.npy,0
101665.jpg.npy,1
101667.jpg.npy,1
101670.jpg.npy,1
101672.jpg.npy,1
101673.jpg.npy,1
101675.jpg.npy,1
101676.jpg.npy,1
101677.jpg.npy,1
101678.jpg.npy,1
101679.jpg.npy,1
101680.jpg.npy,1
101681.jpg.npy,1
101682.jpg.npy,1
101684.jpg.npy,1
101688.jpg.npy,1
10169.jpg.npy,1
101690.jpg.npy,1
101692.jpg.npy,1
101694.jpg.npy,1
101695.jpg.npy,1
101696.jpg.npy,1
101699.jpg.npy,1
1017.jpg.npy,1
101702.jpg.npy,1
101703.jpg.npy,1
101706.jpg.npy,1
101709.jpg.npy,1
10171.jpg.npy,1
101711.jpg.npy,1
101712.jpg.npy,1
101714.jpg.npy,1
101715.jpg.npy,1
101718.jpg.npy,0
10172.jpg.npy,1
101720.jpg.npy,1
101721.jpg.npy,1
101722.jpg.npy,1
101723.jpg.npy,1
101724.jpg.npy,1
101727.jpg.npy,1
101728.jpg.npy,1
101729.jpg.npy,1
10173.jpg.npy,0
101730.jpg.npy,1
101732.jpg.npy,1
101736.jpg.npy,1
10174.jpg.npy,0
101743.jpg.npy,1
101744.jpg.npy,1
101745.jpg.npy,1
101747.jpg.npy,1
101748.jpg.npy,1
101750.jpg.npy,1
101751.jpg.npy,1
101752.jpg.npy,1
101753.jpg.npy,1
101754.jpg.npy,1
101757.jpg.npy,1
10176.jpg.npy,1
101760.jpg.npy,1
101761.jpg.npy,1
101765.jpg.npy,1
101766.jpg.npy,1
101768.jpg.npy,1
101769.jpg.npy,1
10177.jpg.npy,1
101773.jpg.npy,1
101776.jpg.npy,1
101777.jpg.npy,1
101779.jpg.npy,1
10178.jpg.npy,1
101780.jpg.npy,1
101783.jpg.npy,1
101787.jpg.npy,1
101788.jpg.npy,1
101789.jpg.npy,1
10179.jpg.npy,1
101790.jpg.npy,1
101791.jpg.npy,1
101793.jpg.npy,1
101794.jpg.npy,1
101796.jpg.npy,1
101797.jpg.npy,0
101799.jpg.npy,1
101800.jpg.npy,1
101801.jpg.npy,1
101804.jpg.npy,1
101806.jpg.npy,1
10181.jpg.npy,1
101811.jpg.npy,1
101812.jpg.npy,1
101816.jpg.npy,1
10182.jpg.npy,1
101822.jpg.npy,1
101824.jpg.npy,1
101825.jpg.npy,1
101834.jpg.npy,1
101835.jpg.npy,1
101837.jpg.npy,0
101838.jpg.npy,1
101839.jpg.npy,1
10184.jpg.npy,1
101841.jpg.npy,1
101844.jpg.npy,1
101845.jpg.npy,1
101849.jpg.npy,1
10185.jpg.npy,1
101850.jpg.npy,1
101851.jpg.npy,1
101852.jpg.npy,1
101857.jpg.npy,0
101859.jpg.npy,1
10186.jpg.npy,1
101860.jpg.npy,1
101861.jpg.npy,1
101863.jpg.npy,1
101864.jpg.npy,1
101866.jpg.npy,0
101867.jpg.npy,1
101869.jpg.npy,1
101872.jpg.npy,1
101873.jpg.npy,1
101878.jpg.npy,1
10188.jpg.npy,1
101880.jpg.npy,1
101883.jpg.npy,1
101889.jpg.npy,1
10189.jpg.npy,1
101890.jpg.npy,0
101893.jpg.npy,1
101894.jpg.npy,0
101897.jpg.npy,0
101898.jpg.npy,1
1019.jpg.npy,1
10190.jpg.npy,1
101900.jpg.npy,1
101902.jpg.npy,1
101903.jpg.npy,1
101905.jpg.npy,1
101909.jpg.npy,1
101912.jpg.npy,1
101915.jpg.npy,1
101916.jpg.npy,0
101918.jpg.npy,0
10192.jpg.npy,1
101920.jpg.npy,0
101923.jpg.npy,1
101926.jpg.npy,1
101927.jpg.npy,1
101930.jpg.npy,1
101931.jpg.npy,1
101932.jpg.npy,1
101936.jpg.npy,1
10194.jpg.npy,1
101942.jpg.npy,1
101945.jpg.npy,0
101947.jpg.npy,1
10195.jpg.npy,1
101952.jpg.npy,1
101957.jpg.npy,0
101958.jpg.npy,1
101959.jpg.npy,1
101960.jpg.npy,1
101961.jpg.npy,1
101962.jpg.npy,0
101963.jpg.npy,1
101967.jpg.npy,1
101968.jpg.npy,1
10197.jpg.npy,1
101975.jpg.npy,0
101978.jpg.npy,1
101979.jpg.npy,1
10198.jpg.npy,1
101980.jpg.npy,1
101981.jpg.npy,1
101983.jpg.npy,1
101985.jpg.npy,1
101989.jpg.npy,1
101991.jpg.npy,0
101993.jpg.npy,1
101994.jpg.npy,0
101999.jpg.npy,1
102.jpg.npy,1
10200.jpg.npy,1
102001.jpg.npy,1
102002.jpg.npy,0
102004.jpg.npy,1
102005.jpg.npy,1
102010.jpg.npy,1
102012.jpg.npy,1
102015.jpg.npy,0
102017.jpg.npy,1
102018.jpg.npy,1
102019.jpg.npy,1
10202.jpg.npy,1
102020.jpg.npy,1
102021.jpg.npy,1
102022.jpg.npy,1
102023.jpg.npy,1
102024.jpg.npy,1
102025.jpg.npy,0
102026.jpg.npy,1
102028.jpg.npy,1
102029.jpg.npy,1
102030.jpg.npy,1
102031.jpg.npy,1
102033.jpg.npy,0
102035.jpg.npy,1
102037.jpg.npy,1
102038.jpg.npy,1
102039.jpg.npy,1
10204.jpg.npy,1
102044.jpg.npy,1
102048.jpg.npy,1
102049.jpg.npy,1
102052.jpg.npy,1
102054.jpg.npy,1
102055.jpg.npy,1
102057.jpg.npy,1
102058.jpg.npy,1
102061.jpg.npy,1
102063.jpg.npy,1
102066.jpg.npy,1
10207.jpg.npy,1
102070.jpg.npy,0
102072.jpg.npy,1
102075.jpg.npy,1
102076.jpg.npy,1
102078.jpg.npy,1
10208.jpg.npy,1
102080.jpg.npy,1
102081.jpg.npy,1
102083.jpg.npy,1
102086.jpg.npy,1
102089.jpg.npy,1
102090.jpg.npy,1
102091.jpg.npy,1
102097.jpg.npy,0
102098.jpg.npy,1
1021.jpg.npy,1
102101.jpg.npy,1
102104.jpg.npy,1
102105.jpg.npy,1
102108.jpg.npy,1
102109.jpg.npy,1
102113.jpg.npy,1
102115.jpg.npy,0
102117.jpg.npy,1
102120.jpg.npy,0
102124.jpg.npy,1
102125.jpg.npy,1
102127.jpg.npy,1
102128.jpg.npy,1
102130.jpg.npy,1
102131.jpg.npy,1
102132.jpg.npy,0
102134.jpg.npy,1
102136.jpg.npy,0
102137.jpg.npy,1
102138.jpg.npy,1
102140.jpg.npy,1
102141.jpg.npy,1
102148.jpg.npy,1
102149.jpg.npy,1
10215.jpg.npy,1
102151.jpg.npy,1
102153.jpg.npy,1
102154.jpg.npy,1
102159.jpg.npy,1
10216.jpg.npy,1
102161.jpg.npy,0
102162.jpg.npy,1
102163.jpg.npy,1
102165.jpg.npy,1
102166.jpg.npy,1
102168.jpg.npy,0
102169.jpg.npy,1
102170.jpg.npy,1
102171.jpg.npy,0
102173.jpg.npy,0
102175.jpg.npy,1
102176.jpg.npy,1
102179.jpg.npy,1
10218.jpg.npy,1
102180.jpg.npy,1
102181.jpg.npy,1
102182.jpg.npy,1
102183.jpg.npy,1
102186.jpg.npy,0
102187.jpg.npy,1
102188.jpg.npy,1
102191.jpg.npy,1
102193.jpg.npy,1
102194.jpg.npy,1
102199.jpg.npy,1
1022.jpg.npy,0
10220.jpg.npy,1
102200.jpg.npy,1
102201.jpg.npy,1
102202.jpg.npy,0
102203.jpg.npy,1
102206.jpg.npy,1
102208.jpg.npy,1
102209.jpg.npy,1
102210.jpg.npy,1
102211.jpg.npy,0
102212.jpg.npy,1
102213.jpg.npy,1
102215.jpg.npy,1
102216.jpg.npy,1
102217.jpg.npy,1
102218.jpg.npy,1
102219.jpg.npy,1
10222.jpg.npy,1
102222.jpg.npy,1
102223.jpg.npy,1
102224.jpg.npy,1
102225.jpg.npy,0
102227.jpg.npy,1
102229.jpg.npy,1
10223.jpg.npy,1
102232.jpg.npy,0
102234.jpg.npy,1
102235.jpg.npy,0
102236.jpg.npy,1
102237.jpg.npy,0
102238.jpg.npy,1
102239.jpg.npy,1
102240.jpg.npy,0
102242.jpg.npy,1
102244.jpg.npy,1
102245.jpg.npy,1
102248.jpg.npy,0
102249.jpg.npy,1
102250.jpg.npy,1
102251.jpg.npy,1
102255.jpg.npy,1
102256.jpg.npy,1
102260.jpg.npy,1
102261.jpg.npy,1
102269.jpg.npy,1
102270.jpg.npy,1
102272.jpg.npy,0
102273.jpg.npy,1
102274.jpg.npy,1
102275.jpg.npy,1
102277.jpg.npy,1
102278.jpg.npy,1
102279.jpg.npy,1
10228.jpg.npy,1
102280.jpg.npy,1
102282.jpg.npy,1
102283.jpg.npy,1
102286.jpg.npy,1
102288.jpg.npy,0
102292.jpg.npy,1
102293.jpg.npy,1
102296.jpg.npy,1
102297.jpg.npy,1
102298.jpg.npy,1
10230.jpg.npy,1
102300.jpg.npy,1
102302.jpg.npy,0
102303.jpg.npy,1
102305.jpg.npy,1
102307.jpg.npy,1
102310.jpg.npy,1
102311.jpg.npy,1
102312.jpg.npy,1
102313.jpg.npy,1
102315.jpg.npy,1
102316.jpg.npy,1
102317.jpg.npy,1
102318.jpg.npy,1
102319.jpg.npy,1
102322.jpg.npy,1
102323.jpg.npy,0
102324.jpg.npy,0
102325.jpg.npy,1
102327.jpg.npy,1
102328.jpg.npy,0
102329.jpg.npy,1
102330.jpg.npy,0
102332.jpg.npy,1
102333.jpg.npy,0
102334.jpg.npy,1
102336.jpg.npy,1
102337.jpg.npy,1
102341.jpg.npy,1
102343.jpg.npy,0
102344.jpg.npy,1
102345.jpg.npy,1
102346.jpg.npy,1
10235.jpg.npy,1
102351.jpg.npy,1
102356.jpg.npy,1
102362.jpg.npy,1
102363.jpg.npy,0
102364.jpg.npy,1
102366.jpg.npy,1
102367.jpg.npy,1
102368.jpg.npy,1
102370.jpg.npy,1
102371.jpg.npy,1
102373.jpg.npy,1
102374.jpg.npy,1
102377.jpg.npy,1
102379.jpg.npy,0
102380.jpg.npy,1
102382.jpg.npy,1
102383.jpg.npy,1
102384.jpg.npy,1
102386.jpg.npy,1
102387.jpg.npy,1
102392.jpg.npy,1
102393.jpg.npy,1
102396.jpg.npy,1
102399.jpg.npy,1
102400.jpg.npy,0
102401.jpg.npy,0
102404.jpg.npy,0
102407.jpg.npy,1
102408.jpg.npy,1
102409.jpg.npy,1
10241.jpg.npy,1
102411.jpg.npy,1
102416.jpg.npy,0
102418.jpg.npy,1
102419.jpg.npy,0
102421.jpg.npy,1
102422.jpg.npy,1
102423.jpg.npy,1
102425.jpg.npy,1
102430.jpg.npy,1
102437.jpg.npy,1
102439.jpg.npy,1
102440.jpg.npy,1
102441.jpg.npy,1
102445.jpg.npy,1
102447.jpg.npy,1
102449.jpg.npy,1
10245.jpg.npy,1
102450.jpg.npy,1
102453.jpg.npy,1
102454.jpg.npy,1
102455.jpg.npy,1
102456.jpg.npy,0
102457.jpg.npy,1
102460.jpg.npy,1
102464.jpg.npy,1
102466.jpg.npy,1
102468.jpg.npy,1
10247.jpg.npy,1
102472.jpg.npy,1
102473.jpg.npy,1
102474.jpg.npy,1
102475.jpg.npy,1
102478.jpg.npy,1
10248.jpg.npy,1
102480.jpg.npy,1
102481.jpg.npy,1
102486.jpg.npy,1
102488.jpg.npy,1
10249.jpg.npy,1
102493.jpg.npy,1
102495.jpg.npy,0
102499.jpg.npy,1
1025.jpg.npy,1
10250.jpg.npy,1
102500.jpg.npy,1
102504.jpg.npy,1
102506.jpg.npy,1
102507.jpg.npy,1
102508.jpg.npy,1
102509.jpg.npy,1
102510.jpg.npy,1
102511.jpg.npy,1
102512.jpg.npy,0
102513.jpg.npy,1
102514.jpg.npy,1
102515.jpg.npy,1
102518.jpg.npy,1
10252.jpg.npy,1
102521.jpg.npy,0
102524.jpg.npy,0
102526.jpg.npy,1
102527.jpg.npy,1
10253.jpg.npy,1
102531.jpg.npy,0
102534.jpg.npy,1
102535.jpg.npy,1
102536.jpg.npy,1
102538.jpg.npy,1
10254.jpg.npy,1
102541.jpg.npy,1
102542.jpg.npy,0
102543.jpg.npy,0
102544.jpg.npy,0
102545.jpg.npy,1
102547.jpg.npy,1
102548.jpg.npy,1
10255.jpg.npy,1
102554.jpg.npy,1
102555.jpg.npy,1
102557.jpg.npy,1
10256.jpg.npy,1
102560.jpg.npy,1
102561.jpg.npy,1
102563.jpg.npy,1
102564.jpg.npy,1
102567.jpg.npy,1
102569.jpg.npy,1
10257.jpg.npy,1
102570.jpg.npy,0
102574.jpg.npy,0
102575.jpg.npy,1
102576.jpg.npy,0
102579.jpg.npy,1
10258.jpg.npy,1
102580.jpg.npy,1
102581.jpg.npy,1
102583.jpg.npy,1
102588.jpg.npy,1
102589.jpg.npy,1
10259.jpg.npy,1
102591.jpg.npy,1
102592.jpg.npy,0
102593.jpg.npy,1
102595.jpg.npy,1
102596.jpg.npy,1
102599.jpg.npy,1
10260.jpg.npy,1
102601.jpg.npy,1
102604.jpg.npy,0
102606.jpg.npy,1
102608.jpg.npy,1
102609.jpg.npy,1
102610.jpg.npy,0
102613.jpg.npy,1
102615.jpg.npy,1
102617.jpg.npy,1
102618.jpg.npy,1
102619.jpg.npy,0
102621.jpg.npy,1
102622.jpg.npy,1
102624.jpg.npy,0
102626.jpg.npy,1
102627.jpg.npy,1
102629.jpg.npy,1
102630.jpg.npy,1
102633.jpg.npy,1
102634.jpg.npy,1
102638.jpg.npy,1
102645.jpg.npy,0
102646.jpg.npy,1
102647.jpg.npy,1
102649.jpg.npy,0
10265.jpg.npy,0
102651.jpg.npy,0
102652.jpg.npy,1
102657.jpg.npy,1
102658.jpg.npy,1
102659.jpg.npy,1
102660.jpg.npy,1
102661.jpg.npy,1
102662.jpg.npy,1
102664.jpg.npy,1
102666.jpg.npy,0
102668.jpg.npy,1
102671.jpg.npy,1
102676.jpg.npy,0
102677.jpg.npy,1
102678.jpg.npy,1
102679.jpg.npy,1
10268.jpg.npy,1
102681.jpg.npy,1
102682.jpg.npy,1
102683.jpg.npy,1
102685.jpg.npy,1
102686.jpg.npy,1
102687.jpg.npy,1
10269.jpg.npy,1
102694.jpg.npy,1
102695.jpg.npy,1
102698.jpg.npy,0
102699.jpg.npy,1
102700.jpg.npy,0
102703.jpg.npy,1
102704.jpg.npy,1
102706.jpg.npy,1
102709.jpg.npy,1
102711.jpg.npy,1
102712.jpg.npy,1
102713.jpg.npy,0
102716.jpg.npy,1
10272.jpg.npy,1
102723.jpg.npy,1
102724.jpg.npy,1
102727.jpg.npy,0
102728.jpg.npy,1
102729.jpg.npy,1
10273.jpg.npy,1
102731.jpg.npy,1
102732.jpg.npy,1
102733.jpg.npy,1
102734.jpg.npy,1
102738.jpg.npy,1
10274.jpg.npy,0
102741.jpg.npy,1
102743.jpg.npy,1
102745.jpg.npy,1
102747.jpg.npy,0
10275.jpg.npy,1
102753.jpg.npy,1
102754.jpg.npy,1
102755.jpg.npy,1
102758.jpg.npy,1
102759.jpg.npy,1
10276.jpg.npy,1
102762.jpg.npy,1
102763.jpg.npy,1
102766.jpg.npy,1
102768.jpg.npy,0
102769.jpg.npy,1
102770.jpg.npy,1
102772.jpg.npy,1
102773.jpg.npy,1
102774.jpg.npy,1
102775.jpg.npy,1
102778.jpg.npy,1
102779.jpg.npy,1
10278.jpg.npy,1
102780.jpg.npy,1
102781.jpg.npy,1
102782.jpg.npy,1
102784.jpg.npy,1
102788.jpg.npy,1
102790.jpg.npy,1
102794.jpg.npy,1
102795.jpg.npy,1
102801.jpg.npy,0
102804.jpg.npy,1
102805.jpg.npy,1
102807.jpg.npy,1
102809.jpg.npy,1
102811.jpg.npy,0
102816.jpg.npy,1
102818.jpg.npy,1
102819.jpg.npy,1
102820.jpg.npy,1
102821.jpg.npy,0
102822.jpg.npy,1
102825.jpg.npy,0
102826.jpg.npy,1
102829.jpg.npy,1
10283.jpg.npy,1
102831.jpg.npy,1
102833.jpg.npy,1
102837.jpg.npy,0
102842.jpg.npy,1
102845.jpg.npy,1
102846.jpg.npy,1
102848.jpg.npy,1
102849.jpg.npy,1
10285.jpg.npy,1
102850.jpg.npy,1
102852.jpg.npy,1
102853.jpg.npy,1
102855.jpg.npy,0
102856.jpg.npy,1
102858.jpg.npy,1
102861.jpg.npy,1
102863.jpg.npy,1
102867.jpg.npy,0
102868.jpg.npy,1
102870.jpg.npy,1
102871.jpg.npy,0
102875.jpg.npy,1
102876.jpg.npy,0
10288.jpg.npy,1
102880.jpg.npy,1
102883.jpg.npy,1
102884.jpg.npy,1
102886.jpg.npy,1
102887.jpg.npy,1
102888.jpg.npy,1
10289.jpg.npy,0
102892.jpg.npy,1
102893.jpg.npy,1
102896.jpg.npy,1
102898.jpg.npy,1
102899.jpg.npy,1
1029.jpg.npy,1
102902.jpg.npy,1
102904.jpg.npy,1
102905.jpg.npy,1
102906.jpg.npy,0
102907.jpg.npy,1
102909.jpg.npy,1
10291.jpg.npy,1
102913.jpg.npy,1
102914.jpg.npy,1
102919.jpg.npy,1
102920.jpg.npy,1
102921.jpg.npy,1
102922.jpg.npy,1
102924.jpg.npy,1
102925.jpg.npy,1
102927.jpg.npy,1
102928.jpg.npy,1
102929.jpg.npy,0
102930.jpg.npy,1
102932.jpg.npy,1
102933.jpg.npy,1
102939.jpg.npy,1
10294.jpg.npy,1
102940.jpg.npy,1
102941.jpg.npy,1
102943.jpg.npy,1
102944.jpg.npy,1
102947.jpg.npy,1
102948.jpg.npy,1
102949.jpg.npy,1
10295.jpg.npy,1
102950.jpg.npy,1
102951.jpg.npy,1
102952.jpg.npy,1
102957.jpg.npy,1
102959.jpg.npy,1
102960.jpg.npy,1
102961.jpg.npy,1
102963.jpg.npy,1
102969.jpg.npy,1
10297.jpg.npy,1
102970.jpg.npy,1
102972.jpg.npy,1
102982.jpg.npy,0
102983.jpg.npy,1
102984.jpg.npy,1
10299.jpg.npy,1
102991.jpg.npy,1
102995.jpg.npy,1
102999.jpg.npy,1
103.jpg.npy,1
10300.jpg.npy,0
103005.jpg.npy,0
103006.jpg.npy,1
103007.jpg.npy,1
103010.jpg.npy,1
103011.jpg.npy,0
103014.jpg.npy,1
103016.jpg.npy,1
103018.jpg.npy,1
10302.jpg.npy,1
103022.jpg.npy,1
103025.jpg.npy,0
103026.jpg.npy,0
103028.jpg.npy,1
103029.jpg.npy,1
10303.jpg.npy,1
103030.jpg.npy,1
103031.jpg.npy,1
103032.jpg.npy,1
103033.jpg.npy,1
103034.jpg.npy,0
103038.jpg.npy,1
10304.jpg.npy,1
103040.jpg.npy,1
103042.jpg.npy,1
103043.jpg.npy,1
103044.jpg.npy,0
103045.jpg.npy,1
103046.jpg.npy,0
103047.jpg.npy,1
103048.jpg.npy,1
10305.jpg.npy,1
103052.jpg.npy,1
103054.jpg.npy,1
103055.jpg.npy,1
103056.jpg.npy,1
103058.jpg.npy,0
103059.jpg.npy,0
103060.jpg.npy,1
103064.jpg.npy,1
103065.jpg.npy,1
103067.jpg.npy,1
103068.jpg.npy,0
10307.jpg.npy,1
103072.jpg.npy,1
103073.jpg.npy,0
103080.jpg.npy,0
103083.jpg.npy,1
103084.jpg.npy,1
103089.jpg.npy,1
10309.jpg.npy,1
103090.jpg.npy,1
103091.jpg.npy,1
103094.jpg.npy,1
103095.jpg.npy,1
103098.jpg.npy,1
103099.jpg.npy,1
1031.jpg.npy,1
10310.jpg.npy,1
103102.jpg.npy,0
103105.jpg.npy,1
103106.jpg.npy,1
103107.jpg.npy,1
103109.jpg.npy,1
103112.jpg.npy,1
103113.jpg.npy,1
103115.jpg.npy,1
103116.jpg.npy,1
103118.jpg.npy,1
10312.jpg.npy,0
103120.jpg.npy,1
103123.jpg.npy,1
103124.jpg.npy,1
103126.jpg.npy,1
103127.jpg.npy,1
103129.jpg.npy,0
10313.jpg.npy,1
103130.jpg.npy,1
103131.jpg.npy,1
103132.jpg.npy,1
103136.jpg.npy,1
103137.jpg.npy,0
103138.jpg.npy,1
103139.jpg.npy,1
10314.jpg.npy,1
103140.jpg.npy,1
103141.jpg.npy,1
103143.jpg.npy,1
103147.jpg.npy,1
103151.jpg.npy,1
103152.jpg.npy,1
103153.jpg.npy,1
103156.jpg.npy,1
103159.jpg.npy,0
103160.jpg.npy,1
103161.jpg.npy,1
103163.jpg.npy,1
103164.jpg.npy,1
103168.jpg.npy,1
103171.jpg.npy,1
103172.jpg.npy,1
103173.jpg.npy,0
103174.jpg.npy,1
103176.jpg.npy,1
103177.jpg.npy,0
103179.jpg.npy,1
10318.jpg.npy,1
103180.jpg.npy,1
103182.jpg.npy,1
103183.jpg.npy,0
103184.jpg.npy,1
103185.jpg.npy,1
103191.jpg.npy,1
103192.jpg.npy,1
103196.jpg.npy,1
103200.jpg.npy,1
103203.jpg.npy,1
103204.jpg.npy,1
103205.jpg.npy,1
103207.jpg.npy,1
103208.jpg.npy,1
103210.jpg.npy,0
103213.jpg.npy,1
103215.jpg.npy,1
103217.jpg.npy,1
103218.jpg.npy,1
103219.jpg.npy,0
103221.jpg.npy,1
103222.jpg.npy,1
103223.jpg.npy,1
103224.jpg.npy,1
103225.jpg.npy,0
103228.jpg.npy,1
103229.jpg.npy,0
10323.jpg.npy,1
103230.jpg.npy,1
103231.jpg.npy,1
103233.jpg.npy,0
103238.jpg.npy,1
103239.jpg.npy,1
10324.jpg.npy,1
103240.jpg.npy,1
10325.jpg.npy,1
103250.jpg.npy,1
103254.jpg.npy,1
103255.jpg.npy,1
103258.jpg.npy,1
103259.jpg.npy,1
103260.jpg.npy,1
103261.jpg.npy,1
103262.jpg.npy,0
103263.jpg.npy,1
103265.jpg.npy,1
103266.jpg.npy,1
103272.jpg.npy,1
103273.jpg.npy,1
103274.jpg.npy,1
103275.jpg.npy,1
103277.jpg.npy,1
103278.jpg.npy,0
10328.jpg.npy,1
103280.jpg.npy,1
103282.jpg.npy,1
103288.jpg.npy,1
103289.jpg.npy,1
10329.jpg.npy,1
103291.jpg.npy,1
103299.jpg.npy,1
1033.jpg.npy,1
103301.jpg.npy,1
103302.jpg.npy,0
103303.jpg.npy,0
103305.jpg.npy,1
103306.jpg.npy,1
10331.jpg.npy,1
103311.jpg.npy,1
103316.jpg.npy,1
103317.jpg.npy,1
103320.jpg.npy,1
103321.jpg.npy,1
103324.jpg.npy,1
103327.jpg.npy,1
103328.jpg.npy,1
103329.jpg.npy,0
10333.jpg.npy,1
103330.jpg.npy,1
103331.jpg.npy,0
103332.jpg.npy,1
103333.jpg.npy,0
103334.jpg.npy,0
103335.jpg.npy,1
103338.jpg.npy,1
103340.jpg.npy,1
103343.jpg.npy,1
103346.jpg.npy,0
103347.jpg.npy,1
10335.jpg.npy,1
103350.jpg.npy,0
103352.jpg.npy,1
103354.jpg.npy,1
103357.jpg.npy,1
103358.jpg.npy,0
10336.jpg.npy,1
103360.jpg.npy,1
103363.jpg.npy,1
103364.jpg.npy,0
103366.jpg.npy,1
103369.jpg.npy,1
103371.jpg.npy,1
103372.jpg.npy,1
103373.jpg.npy,1
103374.jpg.npy,1
103376.jpg.npy,1
103378.jpg.npy,1
103379.jpg.npy,1
10338.jpg.npy,1
103380.jpg.npy,1
103381.jpg.npy,1
103383.jpg.npy,1
103385.jpg.npy,1
103386.jpg.npy,1
103387.jpg.npy,1
103391.jpg.npy,1
103392.jpg.npy,1
103395.jpg.npy,1
103396.jpg.npy,1
103397.jpg.npy,1
1034.jpg.npy,1
103401.jpg.npy,1
103402.jpg.npy,1
103406.jpg.npy,1
103409.jpg.npy,1
103410.jpg.npy,0
103411.jpg.npy,1
103412.jpg.npy,0
103415.jpg.npy,1
103416.jpg.npy,1
103417.jpg.npy,1
103418.jpg.npy,1
103419.jpg.npy,1
103423.jpg.npy,1
103425.jpg.npy,1
103428.jpg.npy,1
103429.jpg.npy,1
103431.jpg.npy,1
103432.jpg.npy,1
103435.jpg.npy,0
103437.jpg.npy,1
103440.jpg.npy,1
103441.jpg.npy,1
103442.jpg.npy,1
103444.jpg.npy,1
103447.jpg.npy,1
103448.jpg.npy,0
103449.jpg.npy,1
10345.jpg.npy,1
103453.jpg.npy,1
103454.jpg.npy,1
103455.jpg.npy,1
103456.jpg.npy,1
103457.jpg.npy,1
103458.jpg.npy,1
103459.jpg.npy,1
10346.jpg.npy,1
103460.jpg.npy,1
103462.jpg.npy,0
103463.jpg.npy,1
103466.jpg.npy,1
103468.jpg.npy,1
103469.jpg.npy,1
10347.jpg.npy,0
103471.jpg.npy,1
103472.jpg.npy,1
103488.jpg.npy,1
10349.jpg.npy,0
103491.jpg.npy,1
103492.jpg.npy,1
103493.jpg.npy,1
103495.jpg.npy,1
103496.jpg.npy,1
103499.jpg.npy,1
10350.jpg.npy,1
103500.jpg.npy,1
103502.jpg.npy,1
103503.jpg.npy,1
103504.jpg.npy,1
103505.jpg.npy,1
103507.jpg.npy,1
103509.jpg.npy,1
